path,accident_time,center_x,center_y,type
videos/Vtp5G_Z5BZQ_00.mp4,0.43448275327682495,0.349921834288692,0.6399443929564411,single
