path,accident_time,center_x,center_y,type
videos/0Kh7K1ftejg_00.mp4,1.5777777433395386,0.5984940072954664,0.5643002780352178,single
